{"stats":{"minecraft:used":{"minecraft:dirt":1},"minecraft:picked_up":{"minecraft:poppy":1,"minecraft:leather":1,"minecraft:dirt":6},"minecraft:mined":{"minecraft:grass":10,"minecraft:grass_block":2,"minecraft:poppy":1,"minecraft:dirt":4},"minecraft:killed":{"minecraft:donkey":1},"minecraft:custom":{"minecraft:jump":152,"minecraft:time_since_rest":4507,"minecraft:leave_game":1,"minecraft:damage_dealt":190,"minecraft:crouch_one_cm":601,"minecraft:sprint_one_cm":7825,"minecraft:play_time":4507,"minecraft:damage_taken":40,"minecraft:time_since_death":4507,"minecraft:walk_one_cm":6521,"minecraft:sneak_time":121,"minecraft:total_world_time":4507,"minecraft:mob_kills":1,"minecraft:fall_one_cm":3489,"minecraft:fly_one_cm":32274}},"DataVersion":3465}