{"stats":{"minecraft:killed_by":{"minecraft:creeper":1},"minecraft:picked_up":{"minecraft:allium":1,"minecraft:crafting_table":5,"minecraft:wheat":1,"minecraft:feather":4,"minecraft:cooked_beef":7,"minecraft:flower_pot":1,"minecraft:leather":6,"minecraft:golden_leggings":3,"minecraft:wooden_pickaxe":2,"minecraft:acacia_wood":24,"minecraft:stone_brick_stairs":1,"minecraft:dirt":48,"minecraft:string":11,"minecraft:armor_stand":5,"minecraft:bone":2,"minecraft:stone_bricks":3,"minecraft:bow":1,"minecraft:wheat_seeds":7,"minecraft:spruce_planks":6,"minecraft:spruce_wood":189,"minecraft:beef":14,"minecraft:iron_ingot":6,"minecraft:stone_pickaxe":2,"minecraft:redstone_torch":1,"aquaculture:minnow":1,"minecraft:smooth_quartz":12,"minecraft:iron_sword":1,"immersive_weathering:tallow":6,"minecraft:furnace":3,"minecraft:golden_helmet":4,"minecraft:oak_slab":2,"minecraft:stick":21,"minecraft:raw_iron":3,"minecraft:oak_fence":1,"minecraft:torch":6,"minecraft:porkchop":2,"quark:blossom_log":50,"minecraft:spruce_sapling":6,"minecraft:spruce_log":7,"quark:lavender_blossom_sapling":4,"minecraft:dark_oak_planks":4,"minecraft:stone_sword":2,"minecraft:rotten_flesh":15,"minecraft:stone_axe":2,"aquaculture:brown_trout":1,"minecraft:hay_block":5,"projectvibrantjourneys:cattail":2,"minecraft:cod":1,"minecraft:dark_oak_wood":2,"minecraft:coal":33,"minecraft:cobblestone":107},"minecraft:used":{"minecraft:stone_sword":47,"minecraft:armor_stand":5,"minecraft:stone_pickaxe":58,"aquaculture:brown_trout":1,"minecraft:wooden_pickaxe":8,"minecraft:rotten_flesh":10,"minecraft:iron_chestplate":1,"minecraft:torch":1,"minecraft:dirt":2,"minecraft:crafting_table":5,"aquaculture:iron_fishing_rod":10,"minecraft:iron_helmet":1,"minecraft:iron_boots":1,"minecraft:golden_leggings":1,"minecraft:stone_brick_stairs":1,"minecraft:golden_helmet":1,"minecraft:stone_axe":87,"minecraft:furnace":2,"projectvibrantjourneys:cattail":2,"minecraft:cooked_beef":5,"minecraft:iron_leggings":1},"minecraft:crafted":{"minecraft:cooked_beef":7,"minecraft:crafting_table":2,"minecraft:spruce_planks":12,"minecraft:wooden_pickaxe":1,"minecraft:furnace":2,"minecraft:stone_axe":1,"minecraft:air":0,"minecraft:stick":8,"minecraft:iron_ingot":3,"minecraft:stone_pickaxe":1,"minecraft:stone_sword":1,"aquaculture:iron_fishing_rod":1,"minecraft:dark_oak_planks":8,"minecraft:torch":4},"minecraft:dropped":{"minecraft:oak_slab":2,"minecraft:wheat_seeds":3,"minecraft:golden_helmet":2,"minecraft:wheat":1,"quark:lavender_blossom_sapling":2,"minecraft:flower_pot":1,"minecraft:golden_leggings":1,"minecraft:spruce_sapling":2},"minecraft:mined":{"projectvibrantjourneys:cattail":2,"minecraft:oak_slab":2,"immersive_weathering:spruce_leaf_pile":1,"minecraft:oak_fence":1,"minecraft:crafting_table":3,"minecraft:dark_oak_wood":2,"projectvibrantjourneys:twigs":1,"minecraft:grass_block":5,"projectvibrantjourneys:natural_cobweb":3,"minecraft:tall_grass":7,"biomesoplenty:huge_clover_petal":4,"minecraft:spruce_leaves":23,"minecraft:hay_block":5,"minecraft:furnace":2,"minecraft:fire":3,"minecraft:iron_ore":3,"projectvibrantjourneys:bones":1,"minecraft:spruce_log":3,"treechop:chopped_log":2,"minecraft:stone_brick_stairs":1,"minecraft:grass":22,"minecraft:coal_ore":9,"projectvibrantjourneys:short_grass":13,"minecraft:dirt_path":1,"minecraft:smooth_quartz":4,"minecraft:dirt":9,"minecraft:stone_bricks":3,"minecraft:stone":44,"minecraft:potted_allium":1},"minecraft:custom":{"minecraft:interact_with_furnace":8,"minecraft:mob_kills":18,"minecraft:interact_with_crafting_table":12,"minecraft:leave_game":2,"minecraft:time_since_death":11681,"minecraft:sleep_in_bed":1,"minecraft:climb_one_cm":764,"minecraft:time_since_rest":6437,"minecraft:sprint_one_cm":89105,"minecraft:damage_taken":3220,"minecraft:walk_one_cm":127594,"minecraft:drop":11,"minecraft:damage_dealt":2869,"minecraft:talked_to_villager":2,"minecraft:fly_one_cm":129799,"minecraft:open_chest":4,"minecraft:crouch_one_cm":1033,"minecraft:play_time":49498,"minecraft:deaths":4,"minecraft:sneak_time":394,"minecraft:jump":850,"minecraft:total_world_time":63469,"minecraft:fish_caught":3,"minecraft:fall_one_cm":56585},"minecraft:killed":{"minecraft:pig":1,"minecraft:spider":1,"naturalist:tortoise":2,"minecraft:skeleton":1,"minecraft:zombie":7,"quark:shiba":1,"naturalist:canary":1,"minecraft:cow":4}},"DataVersion":3465}