{"stats":{"minecraft:picked_up":{"minecraft:wheat":26,"minecraft:flower_pot":2,"minecraft:jungle_log":8,"minecraft:diamond_sword":2,"minecraft:potato":75,"minecraft:enchanted_book":3,"minecraft:stripped_spruce_wood":2,"minecraft:golden_sword":3,"minecraft:dirt":16,"minecraft:red_bed":1,"minecraft:red_carpet":4,"minecraft:bone":12,"minecraft:apple":2,"minecraft:wheat_seeds":37,"minecraft:azalea":2,"minecraft:jungle_sapling":4,"minecraft:spruce_slab":1,"minecraft:melon_slice":16,"minecraft:chest":1,"minecraft:oak_planks":2,"minecraft:egg":1,"minecraft:tipped_arrow":1,"minecraft:stick":13,"projectvibrantjourneys:bark_mushroom":2,"minecraft:spruce_fence":6,"minecraft:jungle_planks":9,"minecraft:carrot":27,"minecraft:barrel":1,"minecraft:rotten_flesh":2,"biomesoplenty:mahogany_log":19,"minecraft:arrow":10,"minecraft:diamond":2,"biomesoplenty:mahogany_sapling":3,"minecraft:bread":2,"minecraft:emerald":6,"minecraft:oak_sapling":1,"minecraft:coal":1},"minecraft:killed":{"minecraft:husk":2,"minecraft:sheep":1,"minecraft:skeleton":6},"minecraft:custom":{"minecraft:mob_kills":9,"minecraft:interact_with_crafting_table":4,"minecraft:open_barrel":12,"minecraft:damage_dealt_resisted":767,"minecraft:leave_game":7,"minecraft:time_since_death":233,"minecraft:sleep_in_bed":3,"minecraft:climb_one_cm":7131,"minecraft:time_since_rest":0,"minecraft:sprint_one_cm":86464,"minecraft:damage_taken":5355,"minecraft:walk_one_cm":111342,"minecraft:drop":2,"minecraft:damage_dealt":2260,"minecraft:fly_one_cm":154293,"minecraft:open_chest":10,"minecraft:crouch_one_cm":4575,"minecraft:play_time":42270,"minecraft:deaths":18,"minecraft:sneak_time":1984,"minecraft:interact_with_lectern":3,"minecraft:jump":707,"minecraft:walk_on_water_one_cm":201,"minecraft:total_world_time":42270,"minecraft:fall_one_cm":28970},"minecraft:killed_by":{"minecraft:husk":4,"minecraft:evoker":2,"minecraft:skeleton":7,"minecraft:stray":1,"minecraft:zombie":3},"minecraft:dropped":{"minecraft:emerald":2},"minecraft:crafted":{"minecraft:crafting_table":1,"minecraft:spruce_planks":4,"minecraft:wooden_pickaxe":1,"minecraft:jungle_planks":16,"minecraft:stick":4,"minecraft:golden_sword":1},"minecraft:mined":{"minecraft:red_bed":1,"minecraft:jungle_leaves":7,"projectvibrantjourneys:rocks":1,"minecraft:grass_block":2,"minecraft:spruce_fence":3,"minecraft:chest":1,"minecraft:jungle_log":1,"immersive_weathering:biomesoplenty/mahogany_leaf_pile":7,"biomesoplenty:sprout":1,"minecraft:large_fern":4,"minecraft:carrots":13,"minecraft:stripped_spruce_wood":2,"minecraft:wheat":13,"projectvibrantjourneys:bones":2,"treechop:chopped_log":3,"minecraft:grass":22,"projectvibrantjourneys:short_grass":10,"minecraft:potatoes":15,"minecraft:vine":1,"minecraft:oak_leaves":4,"minecraft:fern":33},"minecraft:used":{"minecraft:spruce_planks":4,"minecraft:iron_chestplate":1,"minecraft:dirt":4,"minecraft:crafting_table":1,"minecraft:carrot":18,"minecraft:apple":2,"minecraft:bread":7,"minecraft:iron_boots":1,"minecraft:golden_sword":32,"minecraft:diamond_sword":24,"minecraft:potato":24,"minecraft:stripped_spruce_wood":1}},"DataVersion":3465}