{"stats":{"minecraft:picked_up":{"minecraft:stick":7,"minecraft:jungle_log":4,"projectvibrantjourneys:bark_mushroom":2,"minecraft:potato":4,"minecraft:spruce_fence":2,"minecraft:stripped_spruce_wood":2,"minecraft:dirt":2,"minecraft:red_bed":1,"biomesoplenty:mahogany_log":19,"minecraft:arrow":10,"minecraft:bone":10,"minecraft:apple":2,"minecraft:wheat_seeds":2,"biomesoplenty:mahogany_sapling":3,"minecraft:jungle_sapling":2,"minecraft:bread":2,"minecraft:oak_sapling":1,"minecraft:chest":1},"minecraft:killed":{"minecraft:sheep":1,"minecraft:skeleton":6,"minecraft:husk":2},"minecraft:custom":{"minecraft:time_since_rest":392,"minecraft:sprint_one_cm":43706,"minecraft:damage_taken":3060,"minecraft:walk_one_cm":73658,"minecraft:mob_kills":9,"minecraft:damage_dealt":1888,"minecraft:fly_one_cm":85739,"minecraft:open_barrel":7,"minecraft:open_chest":10,"minecraft:crouch_one_cm":4573,"minecraft:play_time":30270,"minecraft:deaths":9,"minecraft:sneak_time":1862,"minecraft:interact_with_lectern":3,"minecraft:jump":431,"minecraft:leave_game":7,"minecraft:time_since_death":8660,"minecraft:sleep_in_bed":2,"minecraft:climb_one_cm":4806,"minecraft:total_world_time":30270,"minecraft:fall_one_cm":16087},"minecraft:killed_by":{"minecraft:husk":4,"minecraft:skeleton":3,"minecraft:zombie":2},"minecraft:crafted":{"minecraft:spruce_planks":4},"minecraft:mined":{"minecraft:large_fern":4,"minecraft:red_bed":1,"minecraft:stripped_spruce_wood":2,"minecraft:jungle_leaves":7,"projectvibrantjourneys:bones":2,"treechop:chopped_log":3,"projectvibrantjourneys:rocks":1,"minecraft:grass":20,"minecraft:spruce_fence":2,"minecraft:grass_block":2,"projectvibrantjourneys:short_grass":10,"minecraft:chest":1,"minecraft:jungle_log":1,"immersive_weathering:biomesoplenty/mahogany_leaf_pile":7,"biomesoplenty:sprout":1,"minecraft:oak_leaves":4,"minecraft:fern":31},"minecraft:used":{"minecraft:apple":2,"minecraft:bread":7,"minecraft:spruce_planks":4,"minecraft:iron_boots":1,"minecraft:iron_chestplate":1,"minecraft:diamond_sword":24,"minecraft:dirt":2,"minecraft:potato":9,"minecraft:stripped_spruce_wood":1}},"DataVersion":3465}