{"stats":{"minecraft:picked_up":{"minecraft:wheat":26,"minecraft:flower_pot":2,"minecraft:diamond_sword":4,"minecraft:wooden_pickaxe":1,"minecraft:enchanted_book":5,"minecraft:diamond_horse_armor":1,"minecraft:golden_sword":3,"minecraft:red_bed":1,"minecraft:cracked_stone_bricks":6,"minecraft:gold_nugget":5,"minecraft:azalea":2,"minecraft:jungle_sapling":6,"minecraft:spruce_slab":1,"minecraft:melon_slice":60,"minecraft:chest":1,"minecraft:egg":1,"minecraft:tipped_arrow":3,"minecraft:stick":23,"projectvibrantjourneys:bark_mushroom":4,"minecraft:spruce_fence":6,"minecraft:carrot":27,"minecraft:arrow":14,"minecraft:rotten_flesh":10,"biomesoplenty:mahogany_sapling":4,"minecraft:iron_block":10,"minecraft:gold_ingot":5,"minecraft:mutton":2,"minecraft:white_wool":1,"minecraft:cobblestone":29,"minecraft:jungle_log":31,"minecraft:potato":78,"minecraft:tuff":14,"minecraft:stripped_spruce_wood":2,"minecraft:dirt":21,"minecraft:bone":18,"minecraft:red_carpet":4,"minecraft:apple":7,"minecraft:stone_bricks":8,"minecraft:wheat_seeds":44,"minecraft:iron_ingot":16,"minecraft:mossy_stone_bricks":7,"minecraft:oak_planks":2,"biomesoplenty:mahogany_planks":4,"projectvibrantjourneys:light_brown_bark_mushroom":2,"minecraft:raw_iron_block":20,"minecraft:jungle_planks":32,"minecraft:barrel":1,"biomesoplenty:mahogany_log":44,"minecraft:diamond":6,"minecraft:iron_helmet":2,"wardrobe:silk":17,"minecraft:emerald":8,"minecraft:bread":5,"minecraft:oak_sapling":1,"minecraft:coal":1},"minecraft:killed":{"naturalist:tortoise":1,"minecraft:skeleton":8,"minecraft:silverfish":5,"minecraft:magma_cube":3,"minecraft:husk":4,"minecraft:sheep":2,"minecraft:zombie":1},"minecraft:custom":{"minecraft:mob_kills":24,"minecraft:interact_with_crafting_table":24,"minecraft:open_barrel":14,"minecraft:damage_dealt_resisted":767,"minecraft:leave_game":7,"minecraft:time_since_death":10657,"minecraft:climb_one_cm":31804,"minecraft:sprint_one_cm":170991,"minecraft:walk_one_cm":184156,"minecraft:drop":20,"minecraft:play_time":83118,"minecraft:deaths":24,"minecraft:sneak_time":4737,"minecraft:walk_under_water_one_cm":328,"minecraft:interact_with_lectern":3,"minecraft:jump":1577,"minecraft:walk_on_water_one_cm":800,"minecraft:total_world_time":83118,"minecraft:sleep_in_bed":6,"minecraft:time_since_rest":10688,"minecraft:damage_taken":7404,"minecraft:damage_dealt":4267,"minecraft:fly_one_cm":349042,"minecraft:open_chest":31,"minecraft:crouch_one_cm":9891,"minecraft:fall_one_cm":57576},"minecraft:killed_by":{"minecraft:husk":4,"minecraft:evoker":2,"minecraft:stray":1,"minecraft:silverfish":1,"minecraft:skeleton":11,"minecraft:zombie":3},"minecraft:dropped":{"minecraft:enchanted_book":1,"minecraft:iron_ingot":35,"minecraft:wheat_seeds":1,"minecraft:jungle_planks":18,"minecraft:cracked_stone_bricks":6,"minecraft:emerald":2,"minecraft:diamond_horse_armor":1,"minecraft:dirt":1,"minecraft:rotten_flesh":11,"wardrobe:silk":9,"minecraft:diamond_sword":1,"projectvibrantjourneys:light_brown_bark_mushroom":1,"minecraft:jungle_log":4,"minecraft:stone_pickaxe":1,"minecraft:wooden_pickaxe":3},"minecraft:crafted":{"biomesoplenty:mahogany_planks":100,"minecraft:iron_boots":1,"minecraft:iron_axe":1,"minecraft:stone_pickaxe":2,"minecraft:golden_sword":1,"minecraft:crafting_table":3,"minecraft:spruce_planks":4,"minecraft:wooden_pickaxe":3,"minecraft:iron_helmet":1,"minecraft:iron_sword":1,"minecraft:stone_axe":1,"minecraft:jungle_planks":84,"minecraft:iron_chestplate":1,"minecraft:shield":2,"minecraft:stick":28,"minecraft:iron_ingot":90,"minecraft:iron_pickaxe":1,"minecraft:stone_sword":1,"minecraft:iron_leggings":1},"minecraft:mined":{"minecraft:tuff":13,"minecraft:farmland":3,"minecraft:jungle_leaves":7,"projectvibrantjourneys:rocks":1,"minecraft:grass_block":4,"minecraft:spruce_fence":3,"minecraft:jungle_planks":1,"minecraft:jungle_log":3,"minecraft:spawner":2,"minecraft:large_fern":7,"minecraft:black_stained_glass_pane":1,"minecraft:raw_iron_block":18,"minecraft:carrots":13,"treechop:chopped_log":7,"minecraft:potatoes":15,"minecraft:vine":8,"immersive_weathering:loam":1,"minecraft:stone":26,"minecraft:iron_block":9,"minecraft:red_bed":1,"minecraft:infested_stone_bricks":1,"minecraft:soul_fire":2,"projectvibrantjourneys:twigs":2,"minecraft:melon":8,"immersive_weathering:soot":1,"minecraft:chest":1,"immersive_weathering:biomesoplenty/mahogany_leaf_pile":8,"minecraft:tall_grass":1,"minecraft:cobblestone":3,"biomesoplenty:sprout":1,"projectvibrantjourneys:fallen_leaves":1,"minecraft:stripped_spruce_wood":2,"biomesoplenty:mahogany_log":1,"minecraft:wheat":13,"projectvibrantjourneys:bones":2,"minecraft:infested_mossy_stone_bricks":5,"minecraft:grass":54,"projectvibrantjourneys:short_grass":20,"minecraft:dirt":4,"minecraft:infested_cracked_stone_bricks":3,"minecraft:cracked_stone_bricks":3,"minecraft:stone_bricks":9,"minecraft:mossy_stone_bricks":7,"minecraft:oak_leaves":4,"minecraft:fern":64},"minecraft:used":{"minecraft:stone_sword":33,"minecraft:spruce_planks":4,"minecraft:rotten_flesh":6,"minecraft:iron_chestplate":1,"minecraft:dirt":8,"minecraft:jungle_planks":21,"minecraft:carrot":18,"minecraft:iron_axe":15,"minecraft:iron_helmet":1,"minecraft:iron_boots":1,"minecraft:golden_sword":32,"minecraft:potato":29,"minecraft:stripped_spruce_wood":1,"minecraft:stone_pickaxe":56,"minecraft:wooden_pickaxe":9,"minecraft:crafting_table":3,"endrem:rogue_eye":2,"minecraft:apple":5,"minecraft:melon_slice":8,"minecraft:bread":10,"minecraft:iron_pickaxe":52,"minecraft:stone_axe":31,"minecraft:diamond_sword":49}},"DataVersion":3465}