{"stats":{"minecraft:used":{"minecraft:iron_chestplate":1,"minecraft:diamond_sword":16,"minecraft:bread":7,"minecraft:spruce_planks":4,"minecraft:iron_boots":1,"minecraft:stripped_spruce_wood":1},"minecraft:custom":{"minecraft:open_barrel":2,"minecraft:time_since_rest":4110,"minecraft:open_chest":7,"minecraft:crouch_one_cm":3911,"minecraft:deaths":3,"minecraft:play_time":9943,"minecraft:sprint_one_cm":11547,"minecraft:damage_taken":1247,"minecraft:walk_one_cm":31904,"minecraft:sneak_time":1366,"minecraft:mob_kills":6,"minecraft:interact_with_lectern":3,"minecraft:jump":77,"minecraft:damage_dealt":1110,"minecraft:leave_game":2,"minecraft:time_since_death":7831,"minecraft:sleep_in_bed":1,"minecraft:total_world_time":9943,"minecraft:fly_one_cm":11687,"minecraft:fall_one_cm":3069},"minecraft:killed_by":{"minecraft:husk":3},"minecraft:mined":{"minecraft:chest":1,"minecraft:stripped_spruce_wood":2},"minecraft:killed":{"minecraft:skeleton":6},"minecraft:picked_up":{"minecraft:bone":8,"minecraft:arrow":10,"minecraft:apple":2,"minecraft:potato":4,"minecraft:stripped_spruce_wood":2,"minecraft:bread":2,"minecraft:chest":1},"minecraft:crafted":{"minecraft:spruce_planks":4}},"DataVersion":3465}