{"stats":{"minecraft:picked_up":{"minecraft:stick":6,"projectvibrantjourneys:bark_mushroom":2,"minecraft:potato":4,"minecraft:stripped_spruce_wood":2,"biomesoplenty:mahogany_log":19,"minecraft:bone":10,"minecraft:arrow":10,"minecraft:apple":2,"minecraft:wheat_seeds":1,"biomesoplenty:mahogany_sapling":3,"minecraft:bread":2,"minecraft:chest":1},"minecraft:killed":{"minecraft:skeleton":6,"minecraft:husk":1},"minecraft:custom":{"minecraft:time_since_rest":1533,"minecraft:sprint_one_cm":24630,"minecraft:damage_taken":1780,"minecraft:walk_one_cm":52845,"minecraft:mob_kills":7,"minecraft:damage_dealt":1509,"minecraft:fly_one_cm":34831,"minecraft:open_barrel":2,"minecraft:open_chest":9,"minecraft:crouch_one_cm":3926,"minecraft:play_time":18588,"minecraft:deaths":5,"minecraft:sneak_time":1384,"minecraft:interact_with_lectern":3,"minecraft:jump":171,"minecraft:leave_game":6,"minecraft:time_since_death":1189,"minecraft:sleep_in_bed":1,"minecraft:total_world_time":18588,"minecraft:fall_one_cm":7040},"minecraft:killed_by":{"minecraft:husk":3,"minecraft:zombie":2},"minecraft:crafted":{"minecraft:spruce_planks":4},"minecraft:mined":{"minecraft:large_fern":4,"minecraft:stripped_spruce_wood":2,"projectvibrantjourneys:bones":2,"treechop:chopped_log":1,"projectvibrantjourneys:rocks":1,"minecraft:grass":2,"projectvibrantjourneys:short_grass":3,"minecraft:chest":1,"immersive_weathering:biomesoplenty/mahogany_leaf_pile":7,"biomesoplenty:sprout":1,"minecraft:fern":24},"minecraft:used":{"minecraft:apple":2,"minecraft:bread":7,"minecraft:spruce_planks":4,"minecraft:iron_boots":1,"minecraft:iron_chestplate":1,"minecraft:diamond_sword":24,"minecraft:potato":6,"minecraft:stripped_spruce_wood":1}},"DataVersion":3465}