{"stats":{"minecraft:killed":{"naturalist:tortoise":1,"minecraft:skeleton":9,"minecraft:silverfish":5,"minecraft:drowned":3,"minecraft:magma_cube":3,"minecraft:husk":4,"minecraft:sheep":2,"minecraft:zombie":4},"minecraft:mined":{"minecraft:tuff":17,"minecraft:farmland":3,"minecraft:jungle_leaves":7,"projectvibrantjourneys:rocks":1,"minecraft:grass_block":6,"minecraft:spruce_fence":3,"minecraft:jungle_planks":1,"minecraft:jungle_log":3,"farmersdelight:tomatoes":2,"minecraft:spawner":2,"minecraft:large_fern":7,"minecraft:hay_block":19,"minecraft:black_stained_glass_pane":1,"minecraft:raw_iron_block":18,"minecraft:carrots":13,"minecraft:andesite":3,"treechop:chopped_log":7,"minecraft:azure_bluet":1,"minecraft:dirt_path":1,"minecraft:potatoes":15,"minecraft:vine":8,"immersive_weathering:loam":1,"minecraft:lantern":1,"minecraft:stone":144,"minecraft:iron_block":9,"projectvibrantjourneys:cattail":1,"minecraft:red_bed":1,"minecraft:infested_stone_bricks":1,"minecraft:soul_fire":2,"projectvibrantjourneys:twigs":2,"minecraft:melon":8,"immersive_weathering:soot":1,"minecraft:chest":5,"immersive_weathering:biomesoplenty/mahogany_leaf_pile":8,"farmersdelight:cabbages":1,"minecraft:glass":1,"minecraft:tall_grass":19,"minecraft:copper_ore":2,"minecraft:cobblestone":7,"biomesoplenty:sprout":1,"projectvibrantjourneys:fallen_leaves":1,"projectvibrantjourneys:light_brown_bark_mushroom":1,"minecraft:stripped_spruce_wood":2,"biomesoplenty:mahogany_log":1,"minecraft:wheat":40,"projectvibrantjourneys:bones":2,"minecraft:infested_mossy_stone_bricks":5,"minecraft:grass":100,"minecraft:coal_ore":8,"projectvibrantjourneys:short_grass":37,"minecraft:dirt":4,"minecraft:infested_cracked_stone_bricks":3,"minecraft:cracked_stone_bricks":3,"minecraft:stone_bricks":9,"minecraft:mossy_stone_bricks":7,"minecraft:oak_leaves":4,"projectvibrantjourneys:oak_hollow_log":2,"minecraft:fern":64},"minecraft:picked_up":{"minecraft:iron_chestplate":1,"minecraft:allium":2,"minecraft:wheat":43,"minecraft:azure_bluet":1,"minecraft:clay_ball":3,"minecraft:flower_pot":2,"minecraft:diamond_sword":4,"minecraft:wooden_pickaxe":1,"minecraft:enchanted_book":5,"minecraft:diamond_horse_armor":1,"minecraft:shield":1,"minecraft:golden_sword":3,"minecraft:iron_axe":1,"minecraft:red_bed":1,"minecraft:moss_carpet":1,"minecraft:raw_copper":6,"minecraft:large_fern":2,"minecraft:iron_leggings":1,"minecraft:cracked_stone_bricks":6,"minecraft:gold_nugget":5,"minecraft:jungle_sapling":6,"minecraft:azalea":2,"minecraft:iron_pickaxe":1,"minecraft:spruce_slab":1,"minecraft:melon_slice":60,"minecraft:chest":5,"minecraft:iron_boots":1,"minecraft:egg":1,"minecraft:tipped_arrow":3,"minecraft:stick":28,"minecraft:copper_ingot":2,"projectvibrantjourneys:bark_mushroom":4,"minecraft:torch":7,"minecraft:spruce_fence":6,"farmersdelight:tomato_seeds":2,"minecraft:carrot":27,"quark:clear_shard":3,"minecraft:arrow":18,"minecraft:rotten_flesh":18,"biomesoplenty:mahogany_sapling":5,"minecraft:hay_block":40,"minecraft:iron_block":10,"projectvibrantjourneys:cattail":1,"minecraft:gold_ingot":5,"supplementaries:ash":1,"minecraft:mutton":2,"minecraft:white_wool":1,"minecraft:cobblestone":271,"minecraft:andesite":6,"minecraft:jungle_log":31,"minecraft:red_mushroom":1,"minecraft:potato":81,"minecraft:tuff":23,"minecraft:stripped_spruce_wood":2,"projectvibrantjourneys:oak_hollow_log":2,"farmersdelight:tomato":3,"minecraft:dirt":24,"minecraft:lantern":1,"minecraft:red_carpet":4,"minecraft:bone":18,"minecraft:apple":11,"minecraft:stone_bricks":8,"minecraft:wheat_seeds":118,"minecraft:iron_ingot":37,"minecraft:mossy_stone_bricks":7,"minecraft:iron_sword":1,"minecraft:oak_planks":2,"biomesoplenty:mahogany_planks":90,"projectvibrantjourneys:light_brown_bark_mushroom":4,"minecraft:raw_iron_block":40,"minecraft:jungle_planks":33,"minecraft:barrel":1,"biomesoplenty:mahogany_log":45,"minecraft:diamond":6,"minecraft:iron_helmet":2,"wardrobe:silk":17,"minecraft:emerald":8,"minecraft:bread":7,"minecraft:oak_sapling":1,"minecraft:coal":14},"minecraft:used":{"minecraft:stone_sword":33,"minecraft:spruce_planks":4,"minecraft:iron_sword":33,"minecraft:rotten_flesh":8,"minecraft:iron_chestplate":2,"minecraft:torch":5,"minecraft:dirt":8,"minecraft:jungle_planks":21,"minecraft:carrot":18,"minecraft:tuff":15,"farmersdelight:tomato":3,"minecraft:iron_axe":30,"minecraft:iron_helmet":1,"minecraft:iron_boots":2,"minecraft:golden_sword":32,"minecraft:potato":29,"minecraft:stripped_spruce_wood":1,"farmersdelight:iron_knife":12,"minecraft:stone_pickaxe":56,"minecraft:wooden_pickaxe":9,"biomesoplenty:mahogany_log":1,"minecraft:crafting_table":4,"endrem:rogue_eye":2,"minecraft:apple":5,"minecraft:bread":24,"minecraft:melon_slice":8,"minecraft:iron_pickaxe":192,"minecraft:stone_axe":31,"minecraft:diamond_sword":49},"minecraft:killed_by":{"minecraft:husk":4,"minecraft:evoker":2,"minecraft:stray":1,"minecraft:silverfish":1,"minecraft:skeleton":11,"minecraft:zombie":5,"takesapillage:clay_golem":1},"minecraft:custom":{"minecraft:mob_kills":31,"minecraft:interact_with_crafting_table":26,"minecraft:open_barrel":17,"minecraft:damage_dealt_resisted":767,"minecraft:leave_game":11,"minecraft:time_since_death":4134,"minecraft:climb_one_cm":31804,"minecraft:sprint_one_cm":247457,"minecraft:walk_one_cm":261642,"minecraft:drop":28,"minecraft:play_time":135009,"minecraft:deaths":27,"minecraft:sneak_time":5317,"minecraft:walk_under_water_one_cm":1256,"minecraft:interact_with_lectern":3,"minecraft:jump":2347,"minecraft:walk_on_water_one_cm":2651,"minecraft:total_world_time":135009,"minecraft:sleep_in_bed":8,"minecraft:time_since_rest":4166,"minecraft:damage_taken":8824,"minecraft:damage_dealt":5996,"minecraft:swim_one_cm":4335,"minecraft:fly_one_cm":524147,"minecraft:open_chest":41,"minecraft:crouch_one_cm":10783,"minecraft:fall_one_cm":79779},"minecraft:crafted":{"minecraft:oak_planks":4,"biomesoplenty:mahogany_planks":100,"minecraft:iron_boots":1,"minecraft:iron_axe":1,"minecraft:stone_pickaxe":2,"minecraft:golden_sword":1,"minecraft:wheat":180,"minecraft:crafting_table":4,"minecraft:spruce_planks":4,"minecraft:wooden_pickaxe":3,"minecraft:iron_helmet":1,"minecraft:iron_sword":1,"minecraft:stone_axe":1,"minecraft:bread":64,"minecraft:jungle_planks":84,"minecraft:iron_chestplate":1,"minecraft:shield":2,"minecraft:stick":28,"minecraft:iron_ingot":90,"minecraft:iron_pickaxe":1,"minecraft:stone_sword":1,"minecraft:iron_leggings":1,"minecraft:torch":12},"minecraft:dropped":{"minecraft:enchanted_book":1,"minecraft:iron_ingot":35,"minecraft:wheat_seeds":4,"minecraft:jungle_planks":18,"minecraft:cracked_stone_bricks":6,"minecraft:emerald":2,"minecraft:diamond_horse_armor":1,"minecraft:dirt":1,"quark:clear_shard":3,"minecraft:rotten_flesh":11,"wardrobe:silk":9,"minecraft:azure_bluet":1,"minecraft:diamond_sword":1,"supplementaries:ash":1,"projectvibrantjourneys:light_brown_bark_mushroom":1,"minecraft:jungle_log":4,"minecraft:wooden_pickaxe":3,"minecraft:stone_pickaxe":1}},"DataVersion":3465}