{"stats":{"minecraft:picked_up":{"minecraft:wheat":26,"minecraft:flower_pot":2,"minecraft:jungle_log":18,"minecraft:diamond_sword":4,"minecraft:wooden_pickaxe":1,"minecraft:potato":78,"minecraft:enchanted_book":5,"minecraft:diamond_horse_armor":1,"minecraft:stripped_spruce_wood":2,"minecraft:golden_sword":3,"minecraft:dirt":21,"minecraft:red_bed":1,"minecraft:red_carpet":4,"minecraft:bone":13,"minecraft:apple":7,"minecraft:stone_bricks":8,"minecraft:cracked_stone_bricks":6,"minecraft:wheat_seeds":39,"minecraft:jungle_sapling":4,"minecraft:azalea":2,"minecraft:mossy_stone_bricks":7,"minecraft:spruce_slab":1,"minecraft:melon_slice":19,"minecraft:chest":1,"minecraft:oak_planks":2,"minecraft:egg":1,"minecraft:tipped_arrow":3,"minecraft:stick":16,"projectvibrantjourneys:bark_mushroom":2,"minecraft:spruce_fence":6,"minecraft:jungle_planks":21,"minecraft:carrot":27,"minecraft:barrel":1,"biomesoplenty:mahogany_log":19,"minecraft:arrow":10,"minecraft:rotten_flesh":8,"minecraft:diamond":2,"biomesoplenty:mahogany_sapling":3,"wardrobe:silk":17,"minecraft:bread":5,"minecraft:gold_ingot":5,"minecraft:emerald":8,"minecraft:oak_sapling":1,"minecraft:coal":1,"minecraft:cobblestone":12},"minecraft:killed":{"minecraft:husk":4,"minecraft:sheep":1,"minecraft:skeleton":6,"minecraft:zombie":1,"minecraft:silverfish":5},"minecraft:custom":{"minecraft:mob_kills":17,"minecraft:interact_with_crafting_table":9,"minecraft:open_barrel":13,"minecraft:damage_dealt_resisted":767,"minecraft:leave_game":7,"minecraft:time_since_death":11345,"minecraft:sleep_in_bed":5,"minecraft:climb_one_cm":11616,"minecraft:time_since_rest":2066,"minecraft:sprint_one_cm":113064,"minecraft:damage_taken":5980,"minecraft:walk_one_cm":134527,"minecraft:drop":14,"minecraft:damage_dealt":3312,"minecraft:fly_one_cm":208631,"minecraft:open_chest":13,"minecraft:crouch_one_cm":6521,"minecraft:play_time":59118,"minecraft:deaths":19,"minecraft:sneak_time":3687,"minecraft:interact_with_lectern":3,"minecraft:jump":1010,"minecraft:walk_on_water_one_cm":547,"minecraft:total_world_time":59118,"minecraft:fall_one_cm":40723},"minecraft:killed_by":{"minecraft:husk":4,"minecraft:evoker":2,"minecraft:silverfish":1,"minecraft:stray":1,"minecraft:skeleton":7,"minecraft:zombie":3},"minecraft:dropped":{"minecraft:enchanted_book":1,"minecraft:iron_ingot":3,"wardrobe:silk":9,"minecraft:rotten_flesh":11,"minecraft:jungle_planks":18,"minecraft:cracked_stone_bricks":6,"minecraft:diamond_horse_armor":1,"minecraft:emerald":2,"minecraft:diamond_sword":1,"minecraft:dirt":1,"minecraft:wooden_pickaxe":2},"minecraft:crafted":{"minecraft:crafting_table":2,"minecraft:spruce_planks":4,"minecraft:wooden_pickaxe":2,"minecraft:stone_axe":1,"minecraft:jungle_planks":56,"minecraft:stick":16,"minecraft:stone_pickaxe":1,"minecraft:golden_sword":1},"minecraft:mined":{"minecraft:farmland":3,"minecraft:red_bed":1,"minecraft:infested_stone_bricks":1,"minecraft:jungle_leaves":7,"projectvibrantjourneys:rocks":1,"minecraft:grass_block":4,"minecraft:spruce_fence":3,"minecraft:chest":1,"minecraft:jungle_log":1,"immersive_weathering:biomesoplenty/mahogany_leaf_pile":7,"minecraft:tall_grass":1,"biomesoplenty:sprout":1,"projectvibrantjourneys:fallen_leaves":1,"minecraft:large_fern":4,"minecraft:carrots":13,"minecraft:stripped_spruce_wood":2,"minecraft:wheat":13,"projectvibrantjourneys:bones":2,"treechop:chopped_log":4,"minecraft:grass":23,"minecraft:infested_mossy_stone_bricks":5,"minecraft:potatoes":15,"projectvibrantjourneys:short_grass":11,"minecraft:vine":5,"immersive_weathering:loam":1,"minecraft:dirt":4,"minecraft:infested_cracked_stone_bricks":3,"minecraft:cracked_stone_bricks":3,"minecraft:stone":12,"minecraft:stone_bricks":9,"minecraft:mossy_stone_bricks":7,"minecraft:oak_leaves":4,"minecraft:fern":33},"minecraft:used":{"minecraft:stone_pickaxe":40,"minecraft:spruce_planks":4,"minecraft:wooden_pickaxe":6,"minecraft:rotten_flesh":6,"minecraft:iron_chestplate":1,"minecraft:dirt":8,"minecraft:crafting_table":2,"minecraft:jungle_planks":8,"minecraft:carrot":18,"endrem:rogue_eye":2,"minecraft:apple":2,"minecraft:bread":10,"minecraft:melon_slice":3,"minecraft:iron_boots":1,"minecraft:stone_axe":4,"minecraft:diamond_sword":49,"minecraft:golden_sword":32,"minecraft:potato":29,"minecraft:stripped_spruce_wood":1}},"DataVersion":3465}