{"stats":{"minecraft:picked_up":{"minecraft:wheat":26,"minecraft:flower_pot":2,"minecraft:jungle_log":28,"minecraft:diamond_sword":4,"minecraft:wooden_pickaxe":1,"minecraft:potato":78,"minecraft:enchanted_book":5,"minecraft:diamond_horse_armor":1,"minecraft:stripped_spruce_wood":2,"minecraft:golden_sword":3,"minecraft:dirt":21,"minecraft:red_bed":1,"minecraft:red_carpet":4,"minecraft:bone":18,"minecraft:apple":7,"minecraft:stone_bricks":8,"minecraft:cracked_stone_bricks":6,"minecraft:wheat_seeds":40,"minecraft:gold_nugget":5,"minecraft:iron_ingot":16,"minecraft:jungle_sapling":6,"minecraft:azalea":2,"minecraft:mossy_stone_bricks":7,"minecraft:spruce_slab":1,"minecraft:melon_slice":60,"minecraft:chest":1,"minecraft:oak_planks":2,"projectvibrantjourneys:light_brown_bark_mushroom":1,"minecraft:egg":1,"minecraft:tipped_arrow":3,"minecraft:stick":16,"projectvibrantjourneys:bark_mushroom":2,"minecraft:spruce_fence":6,"minecraft:jungle_planks":32,"minecraft:carrot":27,"minecraft:barrel":1,"biomesoplenty:mahogany_log":19,"minecraft:arrow":14,"minecraft:rotten_flesh":8,"minecraft:diamond":6,"biomesoplenty:mahogany_sapling":3,"minecraft:iron_helmet":2,"wardrobe:silk":17,"minecraft:bread":5,"minecraft:gold_ingot":5,"minecraft:emerald":8,"minecraft:oak_sapling":1,"minecraft:mutton":2,"minecraft:coal":1,"minecraft:white_wool":1,"minecraft:cobblestone":12},"minecraft:custom":{"minecraft:mob_kills":23,"minecraft:interact_with_crafting_table":11,"minecraft:open_barrel":14,"minecraft:damage_dealt_resisted":767,"minecraft:leave_game":7,"minecraft:time_since_death":1388,"minecraft:sleep_in_bed":6,"minecraft:climb_one_cm":31300,"minecraft:time_since_rest":545,"minecraft:sprint_one_cm":147601,"minecraft:damage_taken":7144,"minecraft:walk_one_cm":161261,"minecraft:drop":16,"minecraft:damage_dealt":4069,"minecraft:fly_one_cm":278632,"minecraft:open_chest":16,"minecraft:crouch_one_cm":8431,"minecraft:play_time":71118,"minecraft:deaths":23,"minecraft:sneak_time":4130,"minecraft:interact_with_lectern":3,"minecraft:jump":1306,"minecraft:walk_on_water_one_cm":708,"minecraft:total_world_time":71118,"minecraft:fall_one_cm":49948},"minecraft:killed":{"minecraft:magma_cube":3,"minecraft:husk":4,"minecraft:sheep":2,"minecraft:skeleton":8,"minecraft:zombie":1,"minecraft:silverfish":5},"minecraft:killed_by":{"minecraft:husk":4,"minecraft:evoker":2,"minecraft:silverfish":1,"minecraft:stray":1,"minecraft:skeleton":11,"minecraft:zombie":3},"minecraft:dropped":{"minecraft:enchanted_book":1,"minecraft:iron_ingot":3,"wardrobe:silk":9,"minecraft:rotten_flesh":11,"minecraft:jungle_planks":18,"minecraft:cracked_stone_bricks":6,"minecraft:diamond_horse_armor":1,"minecraft:emerald":2,"minecraft:diamond_sword":1,"minecraft:dirt":1,"projectvibrantjourneys:light_brown_bark_mushroom":1,"minecraft:jungle_log":4,"minecraft:wooden_pickaxe":2},"minecraft:crafted":{"minecraft:crafting_table":2,"minecraft:spruce_planks":4,"minecraft:wooden_pickaxe":2,"minecraft:stone_axe":1,"minecraft:jungle_planks":72,"minecraft:shield":1,"minecraft:stick":16,"minecraft:stone_pickaxe":1,"minecraft:stone_sword":1,"minecraft:golden_sword":1},"minecraft:mined":{"minecraft:farmland":3,"minecraft:red_bed":1,"minecraft:infested_stone_bricks":1,"minecraft:jungle_leaves":7,"projectvibrantjourneys:rocks":1,"minecraft:jungle_planks":1,"minecraft:grass_block":4,"minecraft:spruce_fence":3,"minecraft:melon":8,"minecraft:chest":1,"minecraft:jungle_log":1,"immersive_weathering:biomesoplenty/mahogany_leaf_pile":7,"minecraft:tall_grass":1,"biomesoplenty:sprout":1,"projectvibrantjourneys:fallen_leaves":1,"minecraft:spawner":2,"minecraft:large_fern":4,"minecraft:black_stained_glass_pane":1,"minecraft:carrots":13,"minecraft:stripped_spruce_wood":2,"minecraft:wheat":13,"projectvibrantjourneys:bones":2,"treechop:chopped_log":5,"minecraft:grass":42,"minecraft:infested_mossy_stone_bricks":5,"minecraft:potatoes":15,"projectvibrantjourneys:short_grass":14,"minecraft:vine":5,"immersive_weathering:loam":1,"minecraft:dirt":4,"minecraft:infested_cracked_stone_bricks":3,"minecraft:cracked_stone_bricks":3,"minecraft:stone":12,"minecraft:stone_bricks":9,"minecraft:mossy_stone_bricks":7,"minecraft:oak_leaves":4,"minecraft:fern":42},"minecraft:used":{"minecraft:stone_sword":33,"minecraft:stone_pickaxe":42,"minecraft:spruce_planks":4,"minecraft:wooden_pickaxe":6,"minecraft:rotten_flesh":6,"minecraft:iron_chestplate":1,"minecraft:dirt":8,"minecraft:crafting_table":2,"minecraft:jungle_planks":21,"minecraft:carrot":18,"endrem:rogue_eye":2,"minecraft:apple":5,"minecraft:bread":10,"minecraft:melon_slice":8,"minecraft:iron_helmet":1,"minecraft:iron_boots":1,"minecraft:stone_axe":31,"minecraft:diamond_sword":49,"minecraft:golden_sword":32,"minecraft:potato":29,"minecraft:stripped_spruce_wood":1}},"DataVersion":3465}