{"stats":{"minecraft:picked_up":{"minecraft:tipped_arrow":1,"minecraft:stick":4,"minecraft:jungle_log":2,"minecraft:potato":3,"minecraft:spruce_fence":2,"minecraft:bone":1,"minecraft:arrow":2,"minecraft:wheat_seeds":3,"minecraft:emerald":2,"minecraft:iron_pickaxe":1,"minecraft:spruce_slab":2,"minecraft:oak_sapling":4,"minecraft:melon_slice":28},"minecraft:killed":{"minecraft:stray":1},"minecraft:custom":{"minecraft:time_since_rest":1607,"minecraft:sprint_one_cm":19139,"minecraft:damage_taken":2595,"minecraft:walk_one_cm":128647,"minecraft:mob_kills":1,"minecraft:drop":1,"minecraft:damage_dealt":288,"minecraft:interact_with_crafting_table":5,"minecraft:fly_one_cm":25387,"minecraft:open_barrel":17,"minecraft:crouch_one_cm":499,"minecraft:play_time":27472,"minecraft:deaths":9,"minecraft:sneak_time":171,"minecraft:jump":292,"minecraft:damage_dealt_resisted":213,"minecraft:leave_game":9,"minecraft:time_since_death":1578,"minecraft:total_world_time":27472,"minecraft:sleep_in_bed":2,"minecraft:climb_one_cm":4673,"minecraft:fall_one_cm":11340},"minecraft:killed_by":{"minecraft:husk":6,"minecraft:evoker":1,"minecraft:skeleton":1},"minecraft:dropped":{"minecraft:potato":1},"minecraft:crafted":{"minecraft:diamond_sword":1,"minecraft:stick":4,"minecraft:iron_pickaxe":1},"minecraft:mined":{"minecraft:grass":3,"minecraft:melon":5,"minecraft:jungle_log":1,"minecraft:oak_leaves":2,"minecraft:fern":3,"immersive_weathering:oak_leaf_pile":9},"minecraft:used":{"minecraft:melon_slice":1,"minecraft:diamond_sword":28}},"DataVersion":3465}