{"stats":{"minecraft:picked_up":{"minecraft:stick":3,"minecraft:jungle_log":2,"minecraft:oak_sapling":1},"minecraft:custom":{"minecraft:open_barrel":10,"minecraft:time_since_rest":392,"minecraft:crouch_one_cm":217,"minecraft:deaths":7,"minecraft:play_time":16001,"minecraft:sprint_one_cm":4719,"minecraft:damage_taken":1895,"minecraft:walk_one_cm":69958,"minecraft:sneak_time":46,"minecraft:jump":194,"minecraft:damage_dealt":6,"minecraft:leave_game":7,"minecraft:time_since_death":4065,"minecraft:sleep_in_bed":2,"minecraft:total_world_time":16001,"minecraft:climb_one_cm":2477,"minecraft:fall_one_cm":7346,"minecraft:fly_one_cm":8037},"minecraft:killed_by":{"minecraft:husk":6,"minecraft:skeleton":1},"minecraft:mined":{"minecraft:jungle_log":1,"minecraft:oak_leaves":2,"immersive_weathering:oak_leaf_pile":9}},"DataVersion":3465}