{"stats":{"minecraft:picked_up":{"minecraft:tipped_arrow":2,"minecraft:stick":9,"minecraft:crafting_table":1,"minecraft:jungle_log":6,"minecraft:wooden_pickaxe":2,"minecraft:diamond_sword":2,"minecraft:stone_slab":2,"minecraft:potato":3,"minecraft:spruce_fence":2,"minecraft:enchanted_book":2,"minecraft:jungle_planks":18,"minecraft:diamond_horse_armor":1,"minecraft:danger_pottery_sherd":1,"minecraft:brick":3,"minecraft:string":2,"minecraft:dirt":5,"minecraft:arrow":3,"minecraft:bone":2,"minecraft:rotten_flesh":11,"minecraft:stone_bricks":1,"minecraft:cracked_stone_bricks":6,"minecraft:wheat_seeds":5,"minecraft:iron_ingot":3,"wardrobe:silk":17,"minecraft:spruce_slab":2,"minecraft:emerald":4,"minecraft:iron_pickaxe":1,"minecraft:oak_sapling":4,"minecraft:melon_slice":59},"minecraft:killed":{"minecraft:skeleton":1,"minecraft:stray":1,"minecraft:spider":1,"minecraft:silverfish":1},"minecraft:custom":{"minecraft:time_since_rest":545,"minecraft:sprint_one_cm":67169,"minecraft:damage_taken":3775,"minecraft:walk_one_cm":252062,"minecraft:mob_kills":4,"minecraft:drop":13,"minecraft:damage_dealt":808,"minecraft:fly_one_cm":82426,"minecraft:interact_with_crafting_table":11,"minecraft:open_barrel":25,"minecraft:open_chest":12,"minecraft:crouch_one_cm":1669,"minecraft:play_time":56449,"minecraft:deaths":13,"minecraft:sneak_time":611,"minecraft:jump":616,"minecraft:damage_dealt_resisted":213,"minecraft:leave_game":9,"minecraft:time_since_death":3227,"minecraft:walk_on_water_one_cm":446,"minecraft:climb_one_cm":26856,"minecraft:sleep_in_bed":5,"minecraft:total_world_time":56449,"minecraft:fall_one_cm":21268},"minecraft:killed_by":{"minecraft:husk":6,"minecraft:evoker":1,"minecraft:silverfish":1,"minecraft:skeleton":4},"minecraft:dropped":{"minecraft:potato":1,"minecraft:jungle_planks":12},"minecraft:crafted":{"minecraft:diamond_sword":1,"minecraft:shield":1,"minecraft:stick":4,"minecraft:wooden_pickaxe":1,"minecraft:iron_pickaxe":1,"minecraft:jungle_planks":16},"minecraft:mined":{"minecraft:crafting_table":1,"minecraft:infested_mossy_stone_bricks":1,"minecraft:grass":6,"projectvibrantjourneys:short_grass":3,"minecraft:decorated_pot":1,"minecraft:melon":10,"minecraft:jungle_log":1,"minecraft:infested_cracked_stone_bricks":2,"minecraft:stone_slab":1,"minecraft:infested_chiseled_stone_bricks":1,"minecraft:oak_leaves":2,"minecraft:fern":6,"immersive_weathering:oak_leaf_pile":9},"minecraft:used":{"minecraft:bread":2,"minecraft:melon_slice":6,"minecraft:stone_slab":2,"minecraft:wooden_pickaxe":3,"minecraft:diamond_sword":75,"minecraft:dirt":4}},"DataVersion":3465}