{"stats":{"minecraft:picked_up":{"minecraft:tipped_arrow":2,"minecraft:stick":9,"minecraft:crafting_table":1,"minecraft:jungle_log":2,"minecraft:wooden_pickaxe":2,"minecraft:diamond_sword":2,"minecraft:stone_slab":2,"minecraft:potato":3,"minecraft:spruce_fence":2,"minecraft:enchanted_book":2,"minecraft:jungle_planks":18,"minecraft:diamond_horse_armor":1,"minecraft:dirt":5,"minecraft:arrow":2,"minecraft:bone":2,"minecraft:rotten_flesh":11,"minecraft:stone_bricks":1,"minecraft:cracked_stone_bricks":6,"minecraft:wheat_seeds":4,"minecraft:iron_ingot":3,"wardrobe:silk":17,"minecraft:spruce_slab":2,"minecraft:emerald":4,"minecraft:iron_pickaxe":1,"minecraft:oak_sapling":4,"minecraft:melon_slice":28},"minecraft:killed":{"minecraft:stray":1,"minecraft:silverfish":1},"minecraft:custom":{"minecraft:time_since_rest":2066,"minecraft:sprint_one_cm":42536,"minecraft:damage_taken":3040,"minecraft:walk_one_cm":181406,"minecraft:mob_kills":2,"minecraft:drop":13,"minecraft:damage_dealt":414,"minecraft:fly_one_cm":57128,"minecraft:interact_with_crafting_table":9,"minecraft:open_barrel":22,"minecraft:open_chest":6,"minecraft:crouch_one_cm":830,"minecraft:play_time":44449,"minecraft:deaths":11,"minecraft:sneak_time":476,"minecraft:jump":484,"minecraft:damage_dealt_resisted":213,"minecraft:leave_game":9,"minecraft:time_since_death":6162,"minecraft:walk_on_water_one_cm":374,"minecraft:climb_one_cm":9277,"minecraft:sleep_in_bed":4,"minecraft:total_world_time":44449,"minecraft:fall_one_cm":16959},"minecraft:killed_by":{"minecraft:husk":6,"minecraft:evoker":1,"minecraft:silverfish":1,"minecraft:skeleton":2},"minecraft:dropped":{"minecraft:potato":1,"minecraft:jungle_planks":12},"minecraft:crafted":{"minecraft:diamond_sword":1,"minecraft:shield":1,"minecraft:stick":4,"minecraft:wooden_pickaxe":1,"minecraft:iron_pickaxe":1},"minecraft:mined":{"minecraft:crafting_table":1,"minecraft:infested_mossy_stone_bricks":1,"minecraft:grass":3,"minecraft:melon":5,"minecraft:jungle_log":1,"minecraft:infested_cracked_stone_bricks":2,"minecraft:stone_slab":1,"minecraft:infested_chiseled_stone_bricks":1,"minecraft:oak_leaves":2,"minecraft:fern":3,"immersive_weathering:oak_leaf_pile":9},"minecraft:used":{"minecraft:melon_slice":6,"minecraft:stone_slab":2,"minecraft:wooden_pickaxe":3,"minecraft:diamond_sword":34,"minecraft:dirt":4}},"DataVersion":3465}