{"stats":{"minecraft:dropped":{"biomesoplenty:mahogany_planks":4,"minecraft:jungle_planks":12,"minecraft:potato":1,"minecraft:stone_pickaxe":1,"minecraft:wooden_pickaxe":1},"minecraft:killed":{"minecraft:spider":1,"minecraft:skeleton":1,"minecraft:stray":1,"minecraft:silverfish":1},"minecraft:crafted":{"minecraft:raw_iron":27,"minecraft:diamond_sword":2,"minecraft:wooden_pickaxe":1,"minecraft:iron_helmet":1,"minecraft:jungle_planks":16,"minecraft:iron_chestplate":1,"minecraft:iron_boots":1,"minecraft:shield":2,"minecraft:stick":4,"minecraft:iron_pickaxe":2,"minecraft:iron_leggings":1},"minecraft:custom":{"minecraft:mob_kills":4,"minecraft:interact_with_crafting_table":16,"minecraft:open_barrel":28,"minecraft:damage_dealt_resisted":213,"minecraft:leave_game":9,"minecraft:time_since_death":31836,"minecraft:climb_one_cm":27046,"minecraft:sleep_in_bed":5,"minecraft:time_since_rest":29154,"minecraft:sprint_one_cm":99345,"minecraft:damage_taken":4094,"minecraft:walk_one_cm":367335,"minecraft:damage_blocked_by_shield":45,"minecraft:drop":19,"minecraft:damage_dealt":874,"minecraft:talked_to_villager":1,"minecraft:fly_one_cm":122113,"minecraft:open_chest":22,"minecraft:crouch_one_cm":1768,"minecraft:play_time":85058,"minecraft:deaths":13,"minecraft:sneak_time":796,"minecraft:walk_under_water_one_cm":1998,"minecraft:jump":926,"minecraft:walk_on_water_one_cm":4178,"minecraft:total_world_time":85058,"minecraft:fall_one_cm":26846},"minecraft:picked_up":{"minecraft:crafting_table":1,"minecraft:jungle_log":6,"projectvibrantjourneys:fallen_leaves":1,"minecraft:diamond_sword":2,"minecraft:stone_slab":2,"minecraft:wooden_pickaxe":3,"minecraft:potato":3,"minecraft:enchanted_book":2,"minecraft:diamond_horse_armor":1,"minecraft:tuff":19,"minecraft:danger_pottery_sherd":1,"minecraft:brick":3,"minecraft:dirt":5,"minecraft:string":2,"minecraft:lantern":1,"minecraft:raw_copper":2,"minecraft:item_frame":2,"minecraft:bone":3,"minecraft:stone_bricks":1,"minecraft:cracked_stone_bricks":6,"minecraft:wheat_seeds":6,"minecraft:iron_ingot":36,"minecraft:stone_pickaxe":1,"minecraft:iron_pickaxe":1,"minecraft:spruce_slab":2,"minecraft:melon_slice":59,"minecraft:tipped_arrow":2,"minecraft:stick":10,"minecraft:torch":1,"minecraft:raw_iron_block":3,"minecraft:spruce_fence":2,"minecraft:jungle_planks":18,"minecraft:arrow":3,"minecraft:rotten_flesh":11,"minecraft:hay_block":41,"wardrobe:silk":17,"minecraft:emerald":4,"minecraft:oak_sapling":4,"projectvibrantjourneys:twigs":1,"minecraft:melon_seeds":1,"minecraft:cobblestone":52},"minecraft:used":{"minecraft:shield":1,"minecraft:wooden_pickaxe":3,"minecraft:dirt":4,"minecraft:tuff":18,"projectvibrantjourneys:fallen_leaves":1,"projectvibrantjourneys:twigs":1,"minecraft:bread":12,"minecraft:melon_slice":6,"minecraft:iron_pickaxe":76,"minecraft:stone_slab":2,"minecraft:melon_seeds":1,"minecraft:item_frame":1,"minecraft:diamond_sword":76,"minecraft:cobblestone":5},"minecraft:mined":{"minecraft:tuff":24,"minecraft:crafting_table":1,"minecraft:melon":10,"minecraft:decorated_pot":1,"minecraft:jungle_log":1,"minecraft:stone_slab":1,"minecraft:cobblestone":1,"minecraft:infested_chiseled_stone_bricks":1,"minecraft:wall_torch":1,"minecraft:hay_block":43,"minecraft:raw_iron_block":5,"projectvibrantjourneys:bones":1,"minecraft:grass":7,"minecraft:infested_mossy_stone_bricks":1,"projectvibrantjourneys:short_grass":3,"minecraft:infested_cracked_stone_bricks":2,"minecraft:stone":43,"minecraft:iron_block":1,"minecraft:oak_leaves":2,"minecraft:fern":7,"immersive_weathering:oak_leaf_pile":9},"minecraft:killed_by":{"minecraft:husk":6,"minecraft:evoker":1,"minecraft:silverfish":1,"minecraft:skeleton":4}},"DataVersion":3465}